"iso2c","year","lv_bank_crisis"
"AL",1976,0
"AL",1977,0
"AL",1978,0
"AL",1979,0
"AL",1980,0
"AL",1981,0
"AL",1982,0
"AL",1983,0
"AL",1984,0
"AL",1985,0
"AL",1986,0
"AL",1987,0
"AL",1988,0
"AL",1989,0
"AL",1990,0
"AL",1991,0
"AL",1992,0
"AL",1993,0
"AL",1994,1
"AL",1995,0
"AL",1996,0
"AL",1997,0
"AL",1998,0
"AL",1999,0
"AL",2000,0
"AL",2001,0
"AL",2002,0
"AL",2003,0
"AL",2004,0
"AL",2005,0
"AL",2006,0
"AL",2007,0
"AL",2008,0
"AL",2009,0
"AL",2010,0
"AL",2011,0
"AM",1976,0
"AM",1977,0
"AM",1978,0
"AM",1979,0
"AM",1980,0
"AM",1981,0
"AM",1982,0
"AM",1983,0
"AM",1984,0
"AM",1985,0
"AM",1986,0
"AM",1987,0
"AM",1988,0
"AM",1989,0
"AM",1990,0
"AM",1991,0
"AM",1992,0
"AM",1993,0
"AM",1994,1
"AM",1995,0
"AM",1996,0
"AM",1997,0
"AM",1998,0
"AM",1999,0
"AM",2000,0
"AM",2001,0
"AM",2002,0
"AM",2003,0
"AM",2004,0
"AM",2005,0
"AM",2006,0
"AM",2007,0
"AM",2008,0
"AM",2009,0
"AM",2010,0
"AM",2011,0
"AR",1976,0
"AR",1977,0
"AR",1978,0
"AR",1979,0
"AR",1980,1
"AR",1981,1
"AR",1982,1
"AR",1983,0
"AR",1984,0
"AR",1985,0
"AR",1986,0
"AR",1987,0
"AR",1988,0
"AR",1989,1
"AR",1990,1
"AR",1991,1
"AR",1992,0
"AR",1993,0
"AR",1994,0
"AR",1995,1
"AR",1996,0
"AR",1997,0
"AR",1998,0
"AR",1999,0
"AR",2000,0
"AR",2001,1
"AR",2002,1
"AR",2003,1
"AR",2004,0
"AR",2005,0
"AR",2006,0
"AR",2007,0
"AR",2008,0
"AR",2009,0
"AR",2010,0
"AR",2011,0
"AT",1976,0
"AT",1977,0
"AT",1978,0
"AT",1979,0
"AT",1980,0
"AT",1981,0
"AT",1982,0
"AT",1983,0
"AT",1984,0
"AT",1985,0
"AT",1986,0
"AT",1987,0
"AT",1988,0
"AT",1989,0
"AT",1990,0
"AT",1991,0
"AT",1992,0
"AT",1993,0
"AT",1994,0
"AT",1995,0
"AT",1996,0
"AT",1997,0
"AT",1998,0
"AT",1999,0
"AT",2000,0
"AT",2001,0
"AT",2002,0
"AT",2003,0
"AT",2004,0
"AT",2005,0
"AT",2006,0
"AT",2007,0
"AT",2008,1
"AT",2009,1
"AT",2010,1
"AT",2011,1
"AZ",1976,0
"AZ",1977,0
"AZ",1978,0
"AZ",1979,0
"AZ",1980,0
"AZ",1981,0
"AZ",1982,0
"AZ",1983,0
"AZ",1984,0
"AZ",1985,0
"AZ",1986,0
"AZ",1987,0
"AZ",1988,0
"AZ",1989,0
"AZ",1990,0
"AZ",1991,0
"AZ",1992,0
"AZ",1993,0
"AZ",1994,0
"AZ",1995,1
"AZ",1996,0
"AZ",1997,0
"AZ",1998,0
"AZ",1999,0
"AZ",2000,0
"AZ",2001,0
"AZ",2002,0
"AZ",2003,0
"AZ",2004,0
"AZ",2005,0
"AZ",2006,0
"AZ",2007,0
"AZ",2008,0
"AZ",2009,0
"AZ",2010,0
"AZ",2011,0
"BA",1976,0
"BA",1977,0
"BA",1978,0
"BA",1979,0
"BA",1980,0
"BA",1981,0
"BA",1982,0
"BA",1983,0
"BA",1984,0
"BA",1985,0
"BA",1986,0
"BA",1987,0
"BA",1988,0
"BA",1989,0
"BA",1990,0
"BA",1991,0
"BA",1992,1
"BA",1993,1
"BA",1994,1
"BA",1995,1
"BA",1996,1
"BA",1997,0
"BA",1998,0
"BA",1999,0
"BA",2000,0
"BA",2001,0
"BA",2002,0
"BA",2003,0
"BA",2004,0
"BA",2005,0
"BA",2006,0
"BA",2007,0
"BA",2008,0
"BA",2009,0
"BA",2010,0
"BA",2011,0
"BD",1976,0
"BD",1977,0
"BD",1978,0
"BD",1979,0
"BD",1980,0
"BD",1981,0
"BD",1982,0
"BD",1983,0
"BD",1984,0
"BD",1985,0
"BD",1986,0
"BD",1987,1
"BD",1988,0
"BD",1989,0
"BD",1990,0
"BD",1991,0
"BD",1992,0
"BD",1993,0
"BD",1994,0
"BD",1995,0
"BD",1996,0
"BD",1997,0
"BD",1998,0
"BD",1999,0
"BD",2000,0
"BD",2001,0
"BD",2002,0
"BD",2003,0
"BD",2004,0
"BD",2005,0
"BD",2006,0
"BD",2007,0
"BD",2008,0
"BD",2009,0
"BD",2010,0
"BD",2011,0
"BE",1976,0
"BE",1977,0
"BE",1978,0
"BE",1979,0
"BE",1980,0
"BE",1981,0
"BE",1982,0
"BE",1983,0
"BE",1984,0
"BE",1985,0
"BE",1986,0
"BE",1987,0
"BE",1988,0
"BE",1989,0
"BE",1990,0
"BE",1991,0
"BE",1992,0
"BE",1993,0
"BE",1994,0
"BE",1995,0
"BE",1996,0
"BE",1997,0
"BE",1998,0
"BE",1999,0
"BE",2000,0
"BE",2001,0
"BE",2002,0
"BE",2003,0
"BE",2004,0
"BE",2005,0
"BE",2006,0
"BE",2007,0
"BE",2008,1
"BE",2009,1
"BE",2010,1
"BE",2011,1
"BF",1976,0
"BF",1977,0
"BF",1978,0
"BF",1979,0
"BF",1980,0
"BF",1981,0
"BF",1982,0
"BF",1983,0
"BF",1984,0
"BF",1985,0
"BF",1986,0
"BF",1987,0
"BF",1988,0
"BF",1989,0
"BF",1990,1
"BF",1991,1
"BF",1992,1
"BF",1993,1
"BF",1994,1
"BF",1995,0
"BF",1996,0
"BF",1997,0
"BF",1998,0
"BF",1999,0
"BF",2000,0
"BF",2001,0
"BF",2002,0
"BF",2003,0
"BF",2004,0
"BF",2005,0
"BF",2006,0
"BF",2007,0
"BF",2008,0
"BF",2009,0
"BF",2010,0
"BF",2011,0
"BG",1976,0
"BG",1977,0
"BG",1978,0
"BG",1979,0
"BG",1980,0
"BG",1981,0
"BG",1982,0
"BG",1983,0
"BG",1984,0
"BG",1985,0
"BG",1986,0
"BG",1987,0
"BG",1988,0
"BG",1989,0
"BG",1990,0
"BG",1991,0
"BG",1992,0
"BG",1993,0
"BG",1994,0
"BG",1995,0
"BG",1996,1
"BG",1997,1
"BG",1998,0
"BG",1999,0
"BG",2000,0
"BG",2001,0
"BG",2002,0
"BG",2003,0
"BG",2004,0
"BG",2005,0
"BG",2006,0
"BG",2007,0
"BG",2008,0
"BG",2009,0
"BG",2010,0
"BG",2011,0
"BI",1976,0
"BI",1977,0
"BI",1978,0
"BI",1979,0
"BI",1980,0
"BI",1981,0
"BI",1982,0
"BI",1983,0
"BI",1984,0
"BI",1985,0
"BI",1986,0
"BI",1987,0
"BI",1988,0
"BI",1989,0
"BI",1990,0
"BI",1991,0
"BI",1992,0
"BI",1993,0
"BI",1994,1
"BI",1995,1
"BI",1996,1
"BI",1997,1
"BI",1998,1
"BI",1999,0
"BI",2000,0
"BI",2001,0
"BI",2002,0
"BI",2003,0
"BI",2004,0
"BI",2005,0
"BI",2006,0
"BI",2007,0
"BI",2008,0
"BI",2009,0
"BI",2010,0
"BI",2011,0
"BJ",1976,0
"BJ",1977,0
"BJ",1978,0
"BJ",1979,0
"BJ",1980,0
"BJ",1981,0
"BJ",1982,0
"BJ",1983,0
"BJ",1984,0
"BJ",1985,0
"BJ",1986,0
"BJ",1987,0
"BJ",1988,1
"BJ",1989,1
"BJ",1990,1
"BJ",1991,1
"BJ",1992,1
"BJ",1993,0
"BJ",1994,0
"BJ",1995,0
"BJ",1996,0
"BJ",1997,0
"BJ",1998,0
"BJ",1999,0
"BJ",2000,0
"BJ",2001,0
"BJ",2002,0
"BJ",2003,0
"BJ",2004,0
"BJ",2005,0
"BJ",2006,0
"BJ",2007,0
"BJ",2008,0
"BJ",2009,0
"BJ",2010,0
"BJ",2011,0
"BO",1976,0
"BO",1977,0
"BO",1978,0
"BO",1979,0
"BO",1980,0
"BO",1981,0
"BO",1982,0
"BO",1983,0
"BO",1984,0
"BO",1985,0
"BO",1986,1
"BO",1987,0
"BO",1988,0
"BO",1989,0
"BO",1990,0
"BO",1991,0
"BO",1992,0
"BO",1993,0
"BO",1994,1
"BO",1995,0
"BO",1996,0
"BO",1997,0
"BO",1998,0
"BO",1999,0
"BO",2000,0
"BO",2001,0
"BO",2002,0
"BO",2003,0
"BO",2004,0
"BO",2005,0
"BO",2006,0
"BO",2007,0
"BO",2008,0
"BO",2009,0
"BO",2010,0
"BO",2011,0
"BR",1976,0
"BR",1977,0
"BR",1978,0
"BR",1979,0
"BR",1980,0
"BR",1981,0
"BR",1982,0
"BR",1983,0
"BR",1984,0
"BR",1985,0
"BR",1986,0
"BR",1987,0
"BR",1988,0
"BR",1989,0
"BR",1990,1
"BR",1991,1
"BR",1992,1
"BR",1993,1
"BR",1994,1
"BR",1995,1
"BR",1996,1
"BR",1997,1
"BR",1998,1
"BR",1999,0
"BR",2000,0
"BR",2001,0
"BR",2002,0
"BR",2003,0
"BR",2004,0
"BR",2005,0
"BR",2006,0
"BR",2007,0
"BR",2008,0
"BR",2009,0
"BR",2010,0
"BR",2011,0
"BY",1976,0
"BY",1977,0
"BY",1978,0
"BY",1979,0
"BY",1980,0
"BY",1981,0
"BY",1982,0
"BY",1983,0
"BY",1984,0
"BY",1985,0
"BY",1986,0
"BY",1987,0
"BY",1988,0
"BY",1989,0
"BY",1990,0
"BY",1991,0
"BY",1992,0
"BY",1993,0
"BY",1994,0
"BY",1995,1
"BY",1996,0
"BY",1997,0
"BY",1998,0
"BY",1999,0
"BY",2000,0
"BY",2001,0
"BY",2002,0
"BY",2003,0
"BY",2004,0
"BY",2005,0
"BY",2006,0
"BY",2007,0
"BY",2008,0
"BY",2009,0
"BY",2010,0
"BY",2011,0
"CD",1976,0
"CD",1977,0
"CD",1978,0
"CD",1979,0
"CD",1980,0
"CD",1981,0
"CD",1982,0
"CD",1983,1
"CD",1984,0
"CD",1985,0
"CD",1986,0
"CD",1987,0
"CD",1988,0
"CD",1989,0
"CD",1990,0
"CD",1991,1
"CD",1992,1
"CD",1993,1
"CD",1994,1
"CD",1995,1
"CD",1996,1
"CD",1997,1
"CD",1998,1
"CD",1999,0
"CD",2000,0
"CD",2001,0
"CD",2002,0
"CD",2003,0
"CD",2004,0
"CD",2005,0
"CD",2006,0
"CD",2007,0
"CD",2008,0
"CD",2009,0
"CD",2010,0
"CD",2011,0
"CF",1976,1
"CF",1977,0
"CF",1978,0
"CF",1979,0
"CF",1980,0
"CF",1981,0
"CF",1982,0
"CF",1983,0
"CF",1984,0
"CF",1985,0
"CF",1986,0
"CF",1987,0
"CF",1988,0
"CF",1989,0
"CF",1990,0
"CF",1991,0
"CF",1992,0
"CF",1993,0
"CF",1994,0
"CF",1995,1
"CF",1996,1
"CF",1997,0
"CF",1998,0
"CF",1999,0
"CF",2000,0
"CF",2001,0
"CF",2002,0
"CF",2003,0
"CF",2004,0
"CF",2005,0
"CF",2006,0
"CF",2007,0
"CF",2008,0
"CF",2009,0
"CF",2010,0
"CF",2011,0
"CG",1976,0
"CG",1977,0
"CG",1978,0
"CG",1979,0
"CG",1980,0
"CG",1981,0
"CG",1982,0
"CG",1983,0
"CG",1984,0
"CG",1985,0
"CG",1986,0
"CG",1987,0
"CG",1988,0
"CG",1989,0
"CG",1990,0
"CG",1991,0
"CG",1992,1
"CG",1993,1
"CG",1994,1
"CG",1995,0
"CG",1996,0
"CG",1997,0
"CG",1998,0
"CG",1999,0
"CG",2000,0
"CG",2001,0
"CG",2002,0
"CG",2003,0
"CG",2004,0
"CG",2005,0
"CG",2006,0
"CG",2007,0
"CG",2008,0
"CG",2009,0
"CG",2010,0
"CG",2011,0
"CH",1976,0
"CH",1977,0
"CH",1978,0
"CH",1979,0
"CH",1980,0
"CH",1981,0
"CH",1982,0
"CH",1983,0
"CH",1984,0
"CH",1985,0
"CH",1986,0
"CH",1987,0
"CH",1988,0
"CH",1989,0
"CH",1990,0
"CH",1991,0
"CH",1992,0
"CH",1993,0
"CH",1994,0
"CH",1995,0
"CH",1996,0
"CH",1997,0
"CH",1998,0
"CH",1999,0
"CH",2000,0
"CH",2001,0
"CH",2002,0
"CH",2003,0
"CH",2004,0
"CH",2005,0
"CH",2006,0
"CH",2007,0
"CH",2008,1
"CH",2009,1
"CH",2010,1
"CH",2011,1
"CI",1976,0
"CI",1977,0
"CI",1978,0
"CI",1979,0
"CI",1980,0
"CI",1981,0
"CI",1982,0
"CI",1983,0
"CI",1984,0
"CI",1985,0
"CI",1986,0
"CI",1987,0
"CI",1988,1
"CI",1989,1
"CI",1990,1
"CI",1991,1
"CI",1992,1
"CI",1993,0
"CI",1994,0
"CI",1995,0
"CI",1996,0
"CI",1997,0
"CI",1998,0
"CI",1999,0
"CI",2000,0
"CI",2001,0
"CI",2002,0
"CI",2003,0
"CI",2004,0
"CI",2005,0
"CI",2006,0
"CI",2007,0
"CI",2008,0
"CI",2009,0
"CI",2010,0
"CI",2011,0
"CL",1976,1
"CL",1977,0
"CL",1978,0
"CL",1979,0
"CL",1980,0
"CL",1981,1
"CL",1982,1
"CL",1983,1
"CL",1984,1
"CL",1985,1
"CL",1986,0
"CL",1987,0
"CL",1988,0
"CL",1989,0
"CL",1990,0
"CL",1991,0
"CL",1992,0
"CL",1993,0
"CL",1994,0
"CL",1995,0
"CL",1996,0
"CL",1997,0
"CL",1998,0
"CL",1999,0
"CL",2000,0
"CL",2001,0
"CL",2002,0
"CL",2003,0
"CL",2004,0
"CL",2005,0
"CL",2006,0
"CL",2007,0
"CL",2008,0
"CL",2009,0
"CL",2010,0
"CL",2011,0
"CM",1976,0
"CM",1977,0
"CM",1978,0
"CM",1979,0
"CM",1980,0
"CM",1981,0
"CM",1982,0
"CM",1983,0
"CM",1984,0
"CM",1985,0
"CM",1986,0
"CM",1987,1
"CM",1988,1
"CM",1989,1
"CM",1990,1
"CM",1991,1
"CM",1992,0
"CM",1993,0
"CM",1994,0
"CM",1995,1
"CM",1996,1
"CM",1997,1
"CM",1998,0
"CM",1999,0
"CM",2000,0
"CM",2001,0
"CM",2002,0
"CM",2003,0
"CM",2004,0
"CM",2005,0
"CM",2006,0
"CM",2007,0
"CM",2008,0
"CM",2009,0
"CM",2010,0
"CM",2011,0
"CN",1976,0
"CN",1977,0
"CN",1978,0
"CN",1979,0
"CN",1980,0
"CN",1981,0
"CN",1982,0
"CN",1983,0
"CN",1984,0
"CN",1985,0
"CN",1986,0
"CN",1987,0
"CN",1988,0
"CN",1989,0
"CN",1990,0
"CN",1991,0
"CN",1992,0
"CN",1993,0
"CN",1994,0
"CN",1995,0
"CN",1996,0
"CN",1997,0
"CN",1998,1
"CN",1999,0
"CN",2000,0
"CN",2001,0
"CN",2002,0
"CN",2003,0
"CN",2004,0
"CN",2005,0
"CN",2006,0
"CN",2007,0
"CN",2008,0
"CN",2009,0
"CN",2010,0
"CN",2011,0
"CO",1976,0
"CO",1977,0
"CO",1978,0
"CO",1979,0
"CO",1980,0
"CO",1981,0
"CO",1982,1
"CO",1983,0
"CO",1984,0
"CO",1985,0
"CO",1986,0
"CO",1987,0
"CO",1988,0
"CO",1989,0
"CO",1990,0
"CO",1991,0
"CO",1992,0
"CO",1993,0
"CO",1994,0
"CO",1995,0
"CO",1996,0
"CO",1997,0
"CO",1998,1
"CO",1999,1
"CO",2000,1
"CO",2001,0
"CO",2002,0
"CO",2003,0
"CO",2004,0
"CO",2005,0
"CO",2006,0
"CO",2007,0
"CO",2008,0
"CO",2009,0
"CO",2010,0
"CO",2011,0
"CR",1976,0
"CR",1977,0
"CR",1978,0
"CR",1979,0
"CR",1980,0
"CR",1981,0
"CR",1982,0
"CR",1983,0
"CR",1984,0
"CR",1985,0
"CR",1986,0
"CR",1987,1
"CR",1988,1
"CR",1989,1
"CR",1990,1
"CR",1991,1
"CR",1992,0
"CR",1993,0
"CR",1994,1
"CR",1995,1
"CR",1996,0
"CR",1997,0
"CR",1998,0
"CR",1999,0
"CR",2000,0
"CR",2001,0
"CR",2002,0
"CR",2003,0
"CR",2004,0
"CR",2005,0
"CR",2006,0
"CR",2007,0
"CR",2008,0
"CR",2009,0
"CR",2010,0
"CR",2011,0
"CV",1976,0
"CV",1977,0
"CV",1978,0
"CV",1979,0
"CV",1980,0
"CV",1981,0
"CV",1982,0
"CV",1983,0
"CV",1984,0
"CV",1985,0
"CV",1986,0
"CV",1987,0
"CV",1988,0
"CV",1989,0
"CV",1990,0
"CV",1991,0
"CV",1992,0
"CV",1993,1
"CV",1994,0
"CV",1995,0
"CV",1996,0
"CV",1997,0
"CV",1998,0
"CV",1999,0
"CV",2000,0
"CV",2001,0
"CV",2002,0
"CV",2003,0
"CV",2004,0
"CV",2005,0
"CV",2006,0
"CV",2007,0
"CV",2008,0
"CV",2009,0
"CV",2010,0
"CV",2011,0
"CZ",1976,0
"CZ",1977,0
"CZ",1978,0
"CZ",1979,0
"CZ",1980,0
"CZ",1981,0
"CZ",1982,0
"CZ",1983,0
"CZ",1984,0
"CZ",1985,0
"CZ",1986,0
"CZ",1987,0
"CZ",1988,0
"CZ",1989,0
"CZ",1990,0
"CZ",1991,0
"CZ",1992,0
"CZ",1993,0
"CZ",1994,0
"CZ",1995,0
"CZ",1996,1
"CZ",1997,1
"CZ",1998,1
"CZ",1999,1
"CZ",2000,1
"CZ",2001,0
"CZ",2002,0
"CZ",2003,0
"CZ",2004,0
"CZ",2005,0
"CZ",2006,0
"CZ",2007,0
"CZ",2008,0
"CZ",2009,0
"CZ",2010,0
"CZ",2011,0
"DE",1976,0
"DE",1977,0
"DE",1978,0
"DE",1979,0
"DE",1980,0
"DE",1981,0
"DE",1982,0
"DE",1983,0
"DE",1984,0
"DE",1985,0
"DE",1986,0
"DE",1987,0
"DE",1988,0
"DE",1989,0
"DE",1990,0
"DE",1991,0
"DE",1992,0
"DE",1993,0
"DE",1994,0
"DE",1995,0
"DE",1996,0
"DE",1997,0
"DE",1998,0
"DE",1999,0
"DE",2000,0
"DE",2001,0
"DE",2002,0
"DE",2003,0
"DE",2004,0
"DE",2005,0
"DE",2006,0
"DE",2007,0
"DE",2008,1
"DE",2009,1
"DE",2010,1
"DE",2011,1
"DJ",1976,0
"DJ",1977,0
"DJ",1978,0
"DJ",1979,0
"DJ",1980,0
"DJ",1981,0
"DJ",1982,0
"DJ",1983,0
"DJ",1984,0
"DJ",1985,0
"DJ",1986,0
"DJ",1987,0
"DJ",1988,0
"DJ",1989,0
"DJ",1990,0
"DJ",1991,1
"DJ",1992,1
"DJ",1993,1
"DJ",1994,1
"DJ",1995,1
"DJ",1996,0
"DJ",1997,0
"DJ",1998,0
"DJ",1999,0
"DJ",2000,0
"DJ",2001,0
"DJ",2002,0
"DJ",2003,0
"DJ",2004,0
"DJ",2005,0
"DJ",2006,0
"DJ",2007,0
"DJ",2008,0
"DJ",2009,0
"DJ",2010,0
"DJ",2011,0
"DK",1976,0
"DK",1977,0
"DK",1978,0
"DK",1979,0
"DK",1980,0
"DK",1981,0
"DK",1982,0
"DK",1983,0
"DK",1984,0
"DK",1985,0
"DK",1986,0
"DK",1987,0
"DK",1988,0
"DK",1989,0
"DK",1990,0
"DK",1991,0
"DK",1992,0
"DK",1993,0
"DK",1994,0
"DK",1995,0
"DK",1996,0
"DK",1997,0
"DK",1998,0
"DK",1999,0
"DK",2000,0
"DK",2001,0
"DK",2002,0
"DK",2003,0
"DK",2004,0
"DK",2005,0
"DK",2006,0
"DK",2007,0
"DK",2008,1
"DK",2009,1
"DK",2010,1
"DK",2011,1
"DO",1976,0
"DO",1977,0
"DO",1978,0
"DO",1979,0
"DO",1980,0
"DO",1981,0
"DO",1982,0
"DO",1983,0
"DO",1984,0
"DO",1985,0
"DO",1986,0
"DO",1987,0
"DO",1988,0
"DO",1989,0
"DO",1990,0
"DO",1991,0
"DO",1992,0
"DO",1993,0
"DO",1994,0
"DO",1995,0
"DO",1996,0
"DO",1997,0
"DO",1998,0
"DO",1999,0
"DO",2000,0
"DO",2001,0
"DO",2002,0
"DO",2003,1
"DO",2004,1
"DO",2005,0
"DO",2006,0
"DO",2007,0
"DO",2008,0
"DO",2009,0
"DO",2010,0
"DO",2011,0
"DZ",1976,0
"DZ",1977,0
"DZ",1978,0
"DZ",1979,0
"DZ",1980,0
"DZ",1981,0
"DZ",1982,0
"DZ",1983,0
"DZ",1984,0
"DZ",1985,0
"DZ",1986,0
"DZ",1987,0
"DZ",1988,0
"DZ",1989,0
"DZ",1990,1
"DZ",1991,1
"DZ",1992,1
"DZ",1993,1
"DZ",1994,1
"DZ",1995,0
"DZ",1996,0
"DZ",1997,0
"DZ",1998,0
"DZ",1999,0
"DZ",2000,0
"DZ",2001,0
"DZ",2002,0
"DZ",2003,0
"DZ",2004,0
"DZ",2005,0
"DZ",2006,0
"DZ",2007,0
"DZ",2008,0
"DZ",2009,0
"DZ",2010,0
"DZ",2011,0
"EC",1976,0
"EC",1977,0
"EC",1978,0
"EC",1979,0
"EC",1980,0
"EC",1981,0
"EC",1982,1
"EC",1983,1
"EC",1984,1
"EC",1985,1
"EC",1986,1
"EC",1987,0
"EC",1988,0
"EC",1989,0
"EC",1990,0
"EC",1991,0
"EC",1992,0
"EC",1993,0
"EC",1994,0
"EC",1995,0
"EC",1996,0
"EC",1997,0
"EC",1998,1
"EC",1999,1
"EC",2000,1
"EC",2001,1
"EC",2002,1
"EC",2003,0
"EC",2004,0
"EC",2005,0
"EC",2006,0
"EC",2007,0
"EC",2008,0
"EC",2009,0
"EC",2010,0
"EC",2011,0
"EE",1976,0
"EE",1977,0
"EE",1978,0
"EE",1979,0
"EE",1980,0
"EE",1981,0
"EE",1982,0
"EE",1983,0
"EE",1984,0
"EE",1985,0
"EE",1986,0
"EE",1987,0
"EE",1988,0
"EE",1989,0
"EE",1990,0
"EE",1991,0
"EE",1992,1
"EE",1993,1
"EE",1994,1
"EE",1995,0
"EE",1996,0
"EE",1997,0
"EE",1998,0
"EE",1999,0
"EE",2000,0
"EE",2001,0
"EE",2002,0
"EE",2003,0
"EE",2004,0
"EE",2005,0
"EE",2006,0
"EE",2007,0
"EE",2008,0
"EE",2009,0
"EE",2010,0
"EE",2011,0
"EG",1976,0
"EG",1977,0
"EG",1978,0
"EG",1979,0
"EG",1980,1
"EG",1981,0
"EG",1982,0
"EG",1983,0
"EG",1984,0
"EG",1985,0
"EG",1986,0
"EG",1987,0
"EG",1988,0
"EG",1989,0
"EG",1990,0
"EG",1991,0
"EG",1992,0
"EG",1993,0
"EG",1994,0
"EG",1995,0
"EG",1996,0
"EG",1997,0
"EG",1998,0
"EG",1999,0
"EG",2000,0
"EG",2001,0
"EG",2002,0
"EG",2003,0
"EG",2004,0
"EG",2005,0
"EG",2006,0
"EG",2007,0
"EG",2008,0
"EG",2009,0
"EG",2010,0
"EG",2011,0
"ER",1976,0
"ER",1977,0
"ER",1978,0
"ER",1979,0
"ER",1980,0
"ER",1981,0
"ER",1982,0
"ER",1983,0
"ER",1984,0
"ER",1985,0
"ER",1986,0
"ER",1987,0
"ER",1988,0
"ER",1989,0
"ER",1990,0
"ER",1991,0
"ER",1992,0
"ER",1993,1
"ER",1994,0
"ER",1995,0
"ER",1996,0
"ER",1997,0
"ER",1998,0
"ER",1999,0
"ER",2000,0
"ER",2001,0
"ER",2002,0
"ER",2003,0
"ER",2004,0
"ER",2005,0
"ER",2006,0
"ER",2007,0
"ER",2008,0
"ER",2009,0
"ER",2010,0
"ER",2011,0
"ES",1976,0
"ES",1977,1
"ES",1978,1
"ES",1979,1
"ES",1980,1
"ES",1981,1
"ES",1982,0
"ES",1983,0
"ES",1984,0
"ES",1985,0
"ES",1986,0
"ES",1987,0
"ES",1988,0
"ES",1989,0
"ES",1990,0
"ES",1991,0
"ES",1992,0
"ES",1993,0
"ES",1994,0
"ES",1995,0
"ES",1996,0
"ES",1997,0
"ES",1998,0
"ES",1999,0
"ES",2000,0
"ES",2001,0
"ES",2002,0
"ES",2003,0
"ES",2004,0
"ES",2005,0
"ES",2006,0
"ES",2007,0
"ES",2008,1
"ES",2009,1
"ES",2010,1
"ES",2011,1
"FI",1976,0
"FI",1977,0
"FI",1978,0
"FI",1979,0
"FI",1980,0
"FI",1981,0
"FI",1982,0
"FI",1983,0
"FI",1984,0
"FI",1985,0
"FI",1986,0
"FI",1987,0
"FI",1988,0
"FI",1989,0
"FI",1990,0
"FI",1991,1
"FI",1992,1
"FI",1993,1
"FI",1994,1
"FI",1995,1
"FI",1996,0
"FI",1997,0
"FI",1998,0
"FI",1999,0
"FI",2000,0
"FI",2001,0
"FI",2002,0
"FI",2003,0
"FI",2004,0
"FI",2005,0
"FI",2006,0
"FI",2007,0
"FI",2008,0
"FI",2009,0
"FI",2010,0
"FI",2011,0
"FR",1976,0
"FR",1977,0
"FR",1978,0
"FR",1979,0
"FR",1980,0
"FR",1981,0
"FR",1982,0
"FR",1983,0
"FR",1984,0
"FR",1985,0
"FR",1986,0
"FR",1987,0
"FR",1988,0
"FR",1989,0
"FR",1990,0
"FR",1991,0
"FR",1992,0
"FR",1993,0
"FR",1994,0
"FR",1995,0
"FR",1996,0
"FR",1997,0
"FR",1998,0
"FR",1999,0
"FR",2000,0
"FR",2001,0
"FR",2002,0
"FR",2003,0
"FR",2004,0
"FR",2005,0
"FR",2006,0
"FR",2007,0
"FR",2008,1
"FR",2009,1
"FR",2010,1
"FR",2011,1
"GB",1976,0
"GB",1977,0
"GB",1978,0
"GB",1979,0
"GB",1980,0
"GB",1981,0
"GB",1982,0
"GB",1983,0
"GB",1984,0
"GB",1985,0
"GB",1986,0
"GB",1987,0
"GB",1988,0
"GB",1989,0
"GB",1990,0
"GB",1991,0
"GB",1992,0
"GB",1993,0
"GB",1994,0
"GB",1995,0
"GB",1996,0
"GB",1997,0
"GB",1998,0
"GB",1999,0
"GB",2000,0
"GB",2001,0
"GB",2002,0
"GB",2003,0
"GB",2004,0
"GB",2005,0
"GB",2006,0
"GB",2007,1
"GB",2008,1
"GB",2009,1
"GB",2010,1
"GB",2011,1
"GE",1976,0
"GE",1977,0
"GE",1978,0
"GE",1979,0
"GE",1980,0
"GE",1981,0
"GE",1982,0
"GE",1983,0
"GE",1984,0
"GE",1985,0
"GE",1986,0
"GE",1987,0
"GE",1988,0
"GE",1989,0
"GE",1990,0
"GE",1991,1
"GE",1992,1
"GE",1993,1
"GE",1994,1
"GE",1995,1
"GE",1996,0
"GE",1997,0
"GE",1998,0
"GE",1999,0
"GE",2000,0
"GE",2001,0
"GE",2002,0
"GE",2003,0
"GE",2004,0
"GE",2005,0
"GE",2006,0
"GE",2007,0
"GE",2008,0
"GE",2009,0
"GE",2010,0
"GE",2011,0
"GH",1976,0
"GH",1977,0
"GH",1978,0
"GH",1979,0
"GH",1980,0
"GH",1981,0
"GH",1982,1
"GH",1983,1
"GH",1984,0
"GH",1985,0
"GH",1986,0
"GH",1987,0
"GH",1988,0
"GH",1989,0
"GH",1990,0
"GH",1991,0
"GH",1992,0
"GH",1993,0
"GH",1994,0
"GH",1995,0
"GH",1996,0
"GH",1997,0
"GH",1998,0
"GH",1999,0
"GH",2000,0
"GH",2001,0
"GH",2002,0
"GH",2003,0
"GH",2004,0
"GH",2005,0
"GH",2006,0
"GH",2007,0
"GH",2008,0
"GH",2009,0
"GH",2010,0
"GH",2011,0
"GN",1976,0
"GN",1977,0
"GN",1978,0
"GN",1979,0
"GN",1980,0
"GN",1981,0
"GN",1982,0
"GN",1983,0
"GN",1984,0
"GN",1985,1
"GN",1986,0
"GN",1987,0
"GN",1988,0
"GN",1989,0
"GN",1990,0
"GN",1991,0
"GN",1992,0
"GN",1993,1
"GN",1994,0
"GN",1995,0
"GN",1996,0
"GN",1997,0
"GN",1998,0
"GN",1999,0
"GN",2000,0
"GN",2001,0
"GN",2002,0
"GN",2003,0
"GN",2004,0
"GN",2005,0
"GN",2006,0
"GN",2007,0
"GN",2008,0
"GN",2009,0
"GN",2010,0
"GN",2011,0
"GQ",1976,0
"GQ",1977,0
"GQ",1978,0
"GQ",1979,0
"GQ",1980,0
"GQ",1981,0
"GQ",1982,0
"GQ",1983,1
"GQ",1984,0
"GQ",1985,0
"GQ",1986,0
"GQ",1987,0
"GQ",1988,0
"GQ",1989,0
"GQ",1990,0
"GQ",1991,0
"GQ",1992,0
"GQ",1993,0
"GQ",1994,0
"GQ",1995,0
"GQ",1996,0
"GQ",1997,0
"GQ",1998,0
"GQ",1999,0
"GQ",2000,0
"GQ",2001,0
"GQ",2002,0
"GQ",2003,0
"GQ",2004,0
"GQ",2005,0
"GQ",2006,0
"GQ",2007,0
"GQ",2008,0
"GQ",2009,0
"GQ",2010,0
"GQ",2011,0
"GR",1976,0
"GR",1977,0
"GR",1978,0
"GR",1979,0
"GR",1980,0
"GR",1981,0
"GR",1982,0
"GR",1983,0
"GR",1984,0
"GR",1985,0
"GR",1986,0
"GR",1987,0
"GR",1988,0
"GR",1989,0
"GR",1990,0
"GR",1991,0
"GR",1992,0
"GR",1993,0
"GR",1994,0
"GR",1995,0
"GR",1996,0
"GR",1997,0
"GR",1998,0
"GR",1999,0
"GR",2000,0
"GR",2001,0
"GR",2002,0
"GR",2003,0
"GR",2004,0
"GR",2005,0
"GR",2006,0
"GR",2007,0
"GR",2008,1
"GR",2009,1
"GR",2010,1
"GR",2011,1
"GW",1976,0
"GW",1977,0
"GW",1978,0
"GW",1979,0
"GW",1980,0
"GW",1981,0
"GW",1982,0
"GW",1983,0
"GW",1984,0
"GW",1985,0
"GW",1986,0
"GW",1987,0
"GW",1988,0
"GW",1989,0
"GW",1990,0
"GW",1991,0
"GW",1992,0
"GW",1993,0
"GW",1994,0
"GW",1995,1
"GW",1996,1
"GW",1997,1
"GW",1998,1
"GW",1999,0
"GW",2000,0
"GW",2001,0
"GW",2002,0
"GW",2003,0
"GW",2004,0
"GW",2005,0
"GW",2006,0
"GW",2007,0
"GW",2008,0
"GW",2009,0
"GW",2010,0
"GW",2011,0
"GY",1976,0
"GY",1977,0
"GY",1978,0
"GY",1979,0
"GY",1980,0
"GY",1981,0
"GY",1982,0
"GY",1983,0
"GY",1984,0
"GY",1985,0
"GY",1986,0
"GY",1987,0
"GY",1988,0
"GY",1989,0
"GY",1990,0
"GY",1991,0
"GY",1992,0
"GY",1993,1
"GY",1994,0
"GY",1995,0
"GY",1996,0
"GY",1997,0
"GY",1998,0
"GY",1999,0
"GY",2000,0
"GY",2001,0
"GY",2002,0
"GY",2003,0
"GY",2004,0
"GY",2005,0
"GY",2006,0
"GY",2007,0
"GY",2008,0
"GY",2009,0
"GY",2010,0
"GY",2011,0
"HR",1976,0
"HR",1977,0
"HR",1978,0
"HR",1979,0
"HR",1980,0
"HR",1981,0
"HR",1982,0
"HR",1983,0
"HR",1984,0
"HR",1985,0
"HR",1986,0
"HR",1987,0
"HR",1988,0
"HR",1989,0
"HR",1990,0
"HR",1991,0
"HR",1992,0
"HR",1993,0
"HR",1994,0
"HR",1995,0
"HR",1996,0
"HR",1997,0
"HR",1998,1
"HR",1999,1
"HR",2000,0
"HR",2001,0
"HR",2002,0
"HR",2003,0
"HR",2004,0
"HR",2005,0
"HR",2006,0
"HR",2007,0
"HR",2008,0
"HR",2009,0
"HR",2010,0
"HR",2011,0
"HT",1976,0
"HT",1977,0
"HT",1978,0
"HT",1979,0
"HT",1980,0
"HT",1981,0
"HT",1982,0
"HT",1983,0
"HT",1984,0
"HT",1985,0
"HT",1986,0
"HT",1987,0
"HT",1988,0
"HT",1989,0
"HT",1990,0
"HT",1991,0
"HT",1992,0
"HT",1993,0
"HT",1994,1
"HT",1995,1
"HT",1996,1
"HT",1997,1
"HT",1998,1
"HT",1999,0
"HT",2000,0
"HT",2001,0
"HT",2002,0
"HT",2003,0
"HT",2004,0
"HT",2005,0
"HT",2006,0
"HT",2007,0
"HT",2008,0
"HT",2009,0
"HT",2010,0
"HT",2011,0
"HU",1976,0
"HU",1977,0
"HU",1978,0
"HU",1979,0
"HU",1980,0
"HU",1981,0
"HU",1982,0
"HU",1983,0
"HU",1984,0
"HU",1985,0
"HU",1986,0
"HU",1987,0
"HU",1988,0
"HU",1989,0
"HU",1990,0
"HU",1991,1
"HU",1992,1
"HU",1993,1
"HU",1994,1
"HU",1995,1
"HU",1996,0
"HU",1997,0
"HU",1998,0
"HU",1999,0
"HU",2000,0
"HU",2001,0
"HU",2002,0
"HU",2003,0
"HU",2004,0
"HU",2005,0
"HU",2006,0
"HU",2007,0
"HU",2008,1
"HU",2009,1
"HU",2010,1
"HU",2011,1
"ID",1976,0
"ID",1977,0
"ID",1978,0
"ID",1979,0
"ID",1980,0
"ID",1981,0
"ID",1982,0
"ID",1983,0
"ID",1984,0
"ID",1985,0
"ID",1986,0
"ID",1987,0
"ID",1988,0
"ID",1989,0
"ID",1990,0
"ID",1991,0
"ID",1992,0
"ID",1993,0
"ID",1994,0
"ID",1995,0
"ID",1996,0
"ID",1997,1
"ID",1998,1
"ID",1999,1
"ID",2000,1
"ID",2001,1
"ID",2002,0
"ID",2003,0
"ID",2004,0
"ID",2005,0
"ID",2006,0
"ID",2007,0
"ID",2008,0
"ID",2009,0
"ID",2010,0
"ID",2011,0
"IE",1976,0
"IE",1977,0
"IE",1978,0
"IE",1979,0
"IE",1980,0
"IE",1981,0
"IE",1982,0
"IE",1983,0
"IE",1984,0
"IE",1985,0
"IE",1986,0
"IE",1987,0
"IE",1988,0
"IE",1989,0
"IE",1990,0
"IE",1991,0
"IE",1992,0
"IE",1993,0
"IE",1994,0
"IE",1995,0
"IE",1996,0
"IE",1997,0
"IE",1998,0
"IE",1999,0
"IE",2000,0
"IE",2001,0
"IE",2002,0
"IE",2003,0
"IE",2004,0
"IE",2005,0
"IE",2006,0
"IE",2007,0
"IE",2008,1
"IE",2009,1
"IE",2010,1
"IE",2011,1
"IL",1976,0
"IL",1977,1
"IL",1978,0
"IL",1979,0
"IL",1980,0
"IL",1981,0
"IL",1982,0
"IL",1983,0
"IL",1984,0
"IL",1985,0
"IL",1986,0
"IL",1987,0
"IL",1988,0
"IL",1989,0
"IL",1990,0
"IL",1991,0
"IL",1992,0
"IL",1993,0
"IL",1994,0
"IL",1995,0
"IL",1996,0
"IL",1997,0
"IL",1998,0
"IL",1999,0
"IL",2000,0
"IL",2001,0
"IL",2002,0
"IL",2003,0
"IL",2004,0
"IL",2005,0
"IL",2006,0
"IL",2007,0
"IL",2008,0
"IL",2009,0
"IL",2010,0
"IL",2011,0
"IN",1976,0
"IN",1977,0
"IN",1978,0
"IN",1979,0
"IN",1980,0
"IN",1981,0
"IN",1982,0
"IN",1983,0
"IN",1984,0
"IN",1985,0
"IN",1986,0
"IN",1987,0
"IN",1988,0
"IN",1989,0
"IN",1990,0
"IN",1991,0
"IN",1992,0
"IN",1993,1
"IN",1994,0
"IN",1995,0
"IN",1996,0
"IN",1997,0
"IN",1998,0
"IN",1999,0
"IN",2000,0
"IN",2001,0
"IN",2002,0
"IN",2003,0
"IN",2004,0
"IN",2005,0
"IN",2006,0
"IN",2007,0
"IN",2008,0
"IN",2009,0
"IN",2010,0
"IN",2011,0
"IS",1976,0
"IS",1977,0
"IS",1978,0
"IS",1979,0
"IS",1980,0
"IS",1981,0
"IS",1982,0
"IS",1983,0
"IS",1984,0
"IS",1985,0
"IS",1986,0
"IS",1987,0
"IS",1988,0
"IS",1989,0
"IS",1990,0
"IS",1991,0
"IS",1992,0
"IS",1993,0
"IS",1994,0
"IS",1995,0
"IS",1996,0
"IS",1997,0
"IS",1998,0
"IS",1999,0
"IS",2000,0
"IS",2001,0
"IS",2002,0
"IS",2003,0
"IS",2004,0
"IS",2005,0
"IS",2006,0
"IS",2007,0
"IS",2008,1
"IS",2009,1
"IS",2010,1
"IS",2011,1
"IT",1976,0
"IT",1977,0
"IT",1978,0
"IT",1979,0
"IT",1980,0
"IT",1981,0
"IT",1982,0
"IT",1983,0
"IT",1984,0
"IT",1985,0
"IT",1986,0
"IT",1987,0
"IT",1988,0
"IT",1989,0
"IT",1990,0
"IT",1991,0
"IT",1992,0
"IT",1993,0
"IT",1994,0
"IT",1995,0
"IT",1996,0
"IT",1997,0
"IT",1998,0
"IT",1999,0
"IT",2000,0
"IT",2001,0
"IT",2002,0
"IT",2003,0
"IT",2004,0
"IT",2005,0
"IT",2006,0
"IT",2007,0
"IT",2008,1
"IT",2009,1
"IT",2010,1
"IT",2011,1
"JM",1976,0
"JM",1977,0
"JM",1978,0
"JM",1979,0
"JM",1980,0
"JM",1981,0
"JM",1982,0
"JM",1983,0
"JM",1984,0
"JM",1985,0
"JM",1986,0
"JM",1987,0
"JM",1988,0
"JM",1989,0
"JM",1990,0
"JM",1991,0
"JM",1992,0
"JM",1993,0
"JM",1994,0
"JM",1995,0
"JM",1996,1
"JM",1997,1
"JM",1998,1
"JM",1999,0
"JM",2000,0
"JM",2001,0
"JM",2002,0
"JM",2003,0
"JM",2004,0
"JM",2005,0
"JM",2006,0
"JM",2007,0
"JM",2008,0
"JM",2009,0
"JM",2010,0
"JM",2011,0
"JO",1976,0
"JO",1977,0
"JO",1978,0
"JO",1979,0
"JO",1980,0
"JO",1981,0
"JO",1982,0
"JO",1983,0
"JO",1984,0
"JO",1985,0
"JO",1986,0
"JO",1987,0
"JO",1988,0
"JO",1989,1
"JO",1990,1
"JO",1991,1
"JO",1992,0
"JO",1993,0
"JO",1994,0
"JO",1995,0
"JO",1996,0
"JO",1997,0
"JO",1998,0
"JO",1999,0
"JO",2000,0
"JO",2001,0
"JO",2002,0
"JO",2003,0
"JO",2004,0
"JO",2005,0
"JO",2006,0
"JO",2007,0
"JO",2008,0
"JO",2009,0
"JO",2010,0
"JO",2011,0
"JP",1976,0
"JP",1977,0
"JP",1978,0
"JP",1979,0
"JP",1980,0
"JP",1981,0
"JP",1982,0
"JP",1983,0
"JP",1984,0
"JP",1985,0
"JP",1986,0
"JP",1987,0
"JP",1988,0
"JP",1989,0
"JP",1990,0
"JP",1991,0
"JP",1992,0
"JP",1993,0
"JP",1994,0
"JP",1995,0
"JP",1996,0
"JP",1997,1
"JP",1998,1
"JP",1999,1
"JP",2000,1
"JP",2001,1
"JP",2002,0
"JP",2003,0
"JP",2004,0
"JP",2005,0
"JP",2006,0
"JP",2007,0
"JP",2008,0
"JP",2009,0
"JP",2010,0
"JP",2011,0
"KE",1976,0
"KE",1977,0
"KE",1978,0
"KE",1979,0
"KE",1980,0
"KE",1981,0
"KE",1982,0
"KE",1983,0
"KE",1984,0
"KE",1985,1
"KE",1986,0
"KE",1987,0
"KE",1988,0
"KE",1989,0
"KE",1990,0
"KE",1991,0
"KE",1992,1
"KE",1993,1
"KE",1994,1
"KE",1995,0
"KE",1996,0
"KE",1997,0
"KE",1998,0
"KE",1999,0
"KE",2000,0
"KE",2001,0
"KE",2002,0
"KE",2003,0
"KE",2004,0
"KE",2005,0
"KE",2006,0
"KE",2007,0
"KE",2008,0
"KE",2009,0
"KE",2010,0
"KE",2011,0
"KG",1976,0
"KG",1977,0
"KG",1978,0
"KG",1979,0
"KG",1980,0
"KG",1981,0
"KG",1982,0
"KG",1983,0
"KG",1984,0
"KG",1985,0
"KG",1986,0
"KG",1987,0
"KG",1988,0
"KG",1989,0
"KG",1990,0
"KG",1991,0
"KG",1992,0
"KG",1993,0
"KG",1994,0
"KG",1995,1
"KG",1996,1
"KG",1997,1
"KG",1998,1
"KG",1999,1
"KG",2000,0
"KG",2001,0
"KG",2002,0
"KG",2003,0
"KG",2004,0
"KG",2005,0
"KG",2006,0
"KG",2007,0
"KG",2008,0
"KG",2009,0
"KG",2010,0
"KG",2011,0
"KR",1976,0
"KR",1977,0
"KR",1978,0
"KR",1979,0
"KR",1980,0
"KR",1981,0
"KR",1982,0
"KR",1983,0
"KR",1984,0
"KR",1985,0
"KR",1986,0
"KR",1987,0
"KR",1988,0
"KR",1989,0
"KR",1990,0
"KR",1991,0
"KR",1992,0
"KR",1993,0
"KR",1994,0
"KR",1995,0
"KR",1996,0
"KR",1997,1
"KR",1998,1
"KR",1999,0
"KR",2000,0
"KR",2001,0
"KR",2002,0
"KR",2003,0
"KR",2004,0
"KR",2005,0
"KR",2006,0
"KR",2007,0
"KR",2008,0
"KR",2009,0
"KR",2010,0
"KR",2011,0
"KW",1976,0
"KW",1977,0
"KW",1978,0
"KW",1979,0
"KW",1980,0
"KW",1981,0
"KW",1982,1
"KW",1983,1
"KW",1984,1
"KW",1985,1
"KW",1986,0
"KW",1987,0
"KW",1988,0
"KW",1989,0
"KW",1990,0
"KW",1991,0
"KW",1992,0
"KW",1993,0
"KW",1994,0
"KW",1995,0
"KW",1996,0
"KW",1997,0
"KW",1998,0
"KW",1999,0
"KW",2000,0
"KW",2001,0
"KW",2002,0
"KW",2003,0
"KW",2004,0
"KW",2005,0
"KW",2006,0
"KW",2007,0
"KW",2008,0
"KW",2009,0
"KW",2010,0
"KW",2011,0
"KZ",1976,0
"KZ",1977,0
"KZ",1978,0
"KZ",1979,0
"KZ",1980,0
"KZ",1981,0
"KZ",1982,0
"KZ",1983,0
"KZ",1984,0
"KZ",1985,0
"KZ",1986,0
"KZ",1987,0
"KZ",1988,0
"KZ",1989,0
"KZ",1990,0
"KZ",1991,0
"KZ",1992,0
"KZ",1993,0
"KZ",1994,0
"KZ",1995,0
"KZ",1996,0
"KZ",1997,0
"KZ",1998,0
"KZ",1999,0
"KZ",2000,0
"KZ",2001,0
"KZ",2002,0
"KZ",2003,0
"KZ",2004,0
"KZ",2005,0
"KZ",2006,0
"KZ",2007,0
"KZ",2008,1
"KZ",2009,1
"KZ",2010,1
"KZ",2011,1
"LB",1976,0
"LB",1977,0
"LB",1978,0
"LB",1979,0
"LB",1980,0
"LB",1981,0
"LB",1982,0
"LB",1983,0
"LB",1984,0
"LB",1985,0
"LB",1986,0
"LB",1987,0
"LB",1988,0
"LB",1989,0
"LB",1990,1
"LB",1991,1
"LB",1992,1
"LB",1993,1
"LB",1994,0
"LB",1995,0
"LB",1996,0
"LB",1997,0
"LB",1998,0
"LB",1999,0
"LB",2000,0
"LB",2001,0
"LB",2002,0
"LB",2003,0
"LB",2004,0
"LB",2005,0
"LB",2006,0
"LB",2007,0
"LB",2008,0
"LB",2009,0
"LB",2010,0
"LB",2011,0
"LK",1976,0
"LK",1977,0
"LK",1978,0
"LK",1979,0
"LK",1980,0
"LK",1981,0
"LK",1982,0
"LK",1983,0
"LK",1984,0
"LK",1985,0
"LK",1986,0
"LK",1987,0
"LK",1988,0
"LK",1989,1
"LK",1990,1
"LK",1991,1
"LK",1992,0
"LK",1993,0
"LK",1994,0
"LK",1995,0
"LK",1996,0
"LK",1997,0
"LK",1998,0
"LK",1999,0
"LK",2000,0
"LK",2001,0
"LK",2002,0
"LK",2003,0
"LK",2004,0
"LK",2005,0
"LK",2006,0
"LK",2007,0
"LK",2008,0
"LK",2009,0
"LK",2010,0
"LK",2011,0
"LR",1976,0
"LR",1977,0
"LR",1978,0
"LR",1979,0
"LR",1980,0
"LR",1981,0
"LR",1982,0
"LR",1983,0
"LR",1984,0
"LR",1985,0
"LR",1986,0
"LR",1987,0
"LR",1988,0
"LR",1989,0
"LR",1990,0
"LR",1991,1
"LR",1992,1
"LR",1993,1
"LR",1994,1
"LR",1995,1
"LR",1996,0
"LR",1997,0
"LR",1998,0
"LR",1999,0
"LR",2000,0
"LR",2001,0
"LR",2002,0
"LR",2003,0
"LR",2004,0
"LR",2005,0
"LR",2006,0
"LR",2007,0
"LR",2008,0
"LR",2009,0
"LR",2010,0
"LR",2011,0
"LT",1976,0
"LT",1977,0
"LT",1978,0
"LT",1979,0
"LT",1980,0
"LT",1981,0
"LT",1982,0
"LT",1983,0
"LT",1984,0
"LT",1985,0
"LT",1986,0
"LT",1987,0
"LT",1988,0
"LT",1989,0
"LT",1990,0
"LT",1991,0
"LT",1992,0
"LT",1993,0
"LT",1994,0
"LT",1995,1
"LT",1996,1
"LT",1997,0
"LT",1998,0
"LT",1999,0
"LT",2000,0
"LT",2001,0
"LT",2002,0
"LT",2003,0
"LT",2004,0
"LT",2005,0
"LT",2006,0
"LT",2007,0
"LT",2008,0
"LT",2009,0
"LT",2010,0
"LT",2011,0
"LU",1976,0
"LU",1977,0
"LU",1978,0
"LU",1979,0
"LU",1980,0
"LU",1981,0
"LU",1982,0
"LU",1983,0
"LU",1984,0
"LU",1985,0
"LU",1986,0
"LU",1987,0
"LU",1988,0
"LU",1989,0
"LU",1990,0
"LU",1991,0
"LU",1992,0
"LU",1993,0
"LU",1994,0
"LU",1995,0
"LU",1996,0
"LU",1997,0
"LU",1998,0
"LU",1999,0
"LU",2000,0
"LU",2001,0
"LU",2002,0
"LU",2003,0
"LU",2004,0
"LU",2005,0
"LU",2006,0
"LU",2007,0
"LU",2008,1
"LU",2009,1
"LU",2010,1
"LU",2011,1
"LV",1976,0
"LV",1977,0
"LV",1978,0
"LV",1979,0
"LV",1980,0
"LV",1981,0
"LV",1982,0
"LV",1983,0
"LV",1984,0
"LV",1985,0
"LV",1986,0
"LV",1987,0
"LV",1988,0
"LV",1989,0
"LV",1990,0
"LV",1991,0
"LV",1992,0
"LV",1993,0
"LV",1994,0
"LV",1995,1
"LV",1996,1
"LV",1997,0
"LV",1998,0
"LV",1999,0
"LV",2000,0
"LV",2001,0
"LV",2002,0
"LV",2003,0
"LV",2004,0
"LV",2005,0
"LV",2006,0
"LV",2007,0
"LV",2008,1
"LV",2009,1
"LV",2010,1
"LV",2011,1
"MA",1976,0
"MA",1977,0
"MA",1978,0
"MA",1979,0
"MA",1980,1
"MA",1981,1
"MA",1982,1
"MA",1983,1
"MA",1984,1
"MA",1985,0
"MA",1986,0
"MA",1987,0
"MA",1988,0
"MA",1989,0
"MA",1990,0
"MA",1991,0
"MA",1992,0
"MA",1993,0
"MA",1994,0
"MA",1995,0
"MA",1996,0
"MA",1997,0
"MA",1998,0
"MA",1999,0
"MA",2000,0
"MA",2001,0
"MA",2002,0
"MA",2003,0
"MA",2004,0
"MA",2005,0
"MA",2006,0
"MA",2007,0
"MA",2008,0
"MA",2009,0
"MA",2010,0
"MA",2011,0
"MG",1976,0
"MG",1977,0
"MG",1978,0
"MG",1979,0
"MG",1980,0
"MG",1981,0
"MG",1982,0
"MG",1983,0
"MG",1984,0
"MG",1985,0
"MG",1986,0
"MG",1987,0
"MG",1988,1
"MG",1989,0
"MG",1990,0
"MG",1991,0
"MG",1992,0
"MG",1993,0
"MG",1994,0
"MG",1995,0
"MG",1996,0
"MG",1997,0
"MG",1998,0
"MG",1999,0
"MG",2000,0
"MG",2001,0
"MG",2002,0
"MG",2003,0
"MG",2004,0
"MG",2005,0
"MG",2006,0
"MG",2007,0
"MG",2008,0
"MG",2009,0
"MG",2010,0
"MG",2011,0
"MK",1976,0
"MK",1977,0
"MK",1978,0
"MK",1979,0
"MK",1980,0
"MK",1981,0
"MK",1982,0
"MK",1983,0
"MK",1984,0
"MK",1985,0
"MK",1986,0
"MK",1987,0
"MK",1988,0
"MK",1989,0
"MK",1990,0
"MK",1991,0
"MK",1992,0
"MK",1993,1
"MK",1994,1
"MK",1995,1
"MK",1996,0
"MK",1997,0
"MK",1998,0
"MK",1999,0
"MK",2000,0
"MK",2001,0
"MK",2002,0
"MK",2003,0
"MK",2004,0
"MK",2005,0
"MK",2006,0
"MK",2007,0
"MK",2008,0
"MK",2009,0
"MK",2010,0
"MK",2011,0
"ML",1976,0
"ML",1977,0
"ML",1978,0
"ML",1979,0
"ML",1980,0
"ML",1981,0
"ML",1982,0
"ML",1983,0
"ML",1984,0
"ML",1985,0
"ML",1986,0
"ML",1987,1
"ML",1988,1
"ML",1989,1
"ML",1990,1
"ML",1991,1
"ML",1992,0
"ML",1993,0
"ML",1994,0
"ML",1995,0
"ML",1996,0
"ML",1997,0
"ML",1998,0
"ML",1999,0
"ML",2000,0
"ML",2001,0
"ML",2002,0
"ML",2003,0
"ML",2004,0
"ML",2005,0
"ML",2006,0
"ML",2007,0
"ML",2008,0
"ML",2009,0
"ML",2010,0
"ML",2011,0
"MN",1976,0
"MN",1977,0
"MN",1978,0
"MN",1979,0
"MN",1980,0
"MN",1981,0
"MN",1982,0
"MN",1983,0
"MN",1984,0
"MN",1985,0
"MN",1986,0
"MN",1987,0
"MN",1988,0
"MN",1989,0
"MN",1990,0
"MN",1991,0
"MN",1992,0
"MN",1993,0
"MN",1994,0
"MN",1995,0
"MN",1996,0
"MN",1997,0
"MN",1998,0
"MN",1999,0
"MN",2000,0
"MN",2001,0
"MN",2002,0
"MN",2003,0
"MN",2004,0
"MN",2005,0
"MN",2006,0
"MN",2007,0
"MN",2008,1
"MN",2009,1
"MN",2010,1
"MN",2011,1
"MR",1976,0
"MR",1977,0
"MR",1978,0
"MR",1979,0
"MR",1980,0
"MR",1981,0
"MR",1982,0
"MR",1983,0
"MR",1984,1
"MR",1985,0
"MR",1986,0
"MR",1987,0
"MR",1988,0
"MR",1989,0
"MR",1990,0
"MR",1991,0
"MR",1992,0
"MR",1993,0
"MR",1994,0
"MR",1995,0
"MR",1996,0
"MR",1997,0
"MR",1998,0
"MR",1999,0
"MR",2000,0
"MR",2001,0
"MR",2002,0
"MR",2003,0
"MR",2004,0
"MR",2005,0
"MR",2006,0
"MR",2007,0
"MR",2008,0
"MR",2009,0
"MR",2010,0
"MR",2011,0
"MX",1976,0
"MX",1977,0
"MX",1978,0
"MX",1979,0
"MX",1980,0
"MX",1981,1
"MX",1982,1
"MX",1983,1
"MX",1984,1
"MX",1985,1
"MX",1986,0
"MX",1987,0
"MX",1988,0
"MX",1989,0
"MX",1990,0
"MX",1991,0
"MX",1992,0
"MX",1993,0
"MX",1994,1
"MX",1995,1
"MX",1996,1
"MX",1997,0
"MX",1998,0
"MX",1999,0
"MX",2000,0
"MX",2001,0
"MX",2002,0
"MX",2003,0
"MX",2004,0
"MX",2005,0
"MX",2006,0
"MX",2007,0
"MX",2008,0
"MX",2009,0
"MX",2010,0
"MX",2011,0
"MY",1976,0
"MY",1977,0
"MY",1978,0
"MY",1979,0
"MY",1980,0
"MY",1981,0
"MY",1982,0
"MY",1983,0
"MY",1984,0
"MY",1985,0
"MY",1986,0
"MY",1987,0
"MY",1988,0
"MY",1989,0
"MY",1990,0
"MY",1991,0
"MY",1992,0
"MY",1993,0
"MY",1994,0
"MY",1995,0
"MY",1996,0
"MY",1997,1
"MY",1998,1
"MY",1999,1
"MY",2000,0
"MY",2001,0
"MY",2002,0
"MY",2003,0
"MY",2004,0
"MY",2005,0
"MY",2006,0
"MY",2007,0
"MY",2008,0
"MY",2009,0
"MY",2010,0
"MY",2011,0
"MZ",1976,0
"MZ",1977,0
"MZ",1978,0
"MZ",1979,0
"MZ",1980,0
"MZ",1981,0
"MZ",1982,0
"MZ",1983,0
"MZ",1984,0
"MZ",1985,0
"MZ",1986,0
"MZ",1987,1
"MZ",1988,1
"MZ",1989,1
"MZ",1990,1
"MZ",1991,1
"MZ",1992,0
"MZ",1993,0
"MZ",1994,0
"MZ",1995,0
"MZ",1996,0
"MZ",1997,0
"MZ",1998,0
"MZ",1999,0
"MZ",2000,0
"MZ",2001,0
"MZ",2002,0
"MZ",2003,0
"MZ",2004,0
"MZ",2005,0
"MZ",2006,0
"MZ",2007,0
"MZ",2008,0
"MZ",2009,0
"MZ",2010,0
"MZ",2011,0
"NE",1976,0
"NE",1977,0
"NE",1978,0
"NE",1979,0
"NE",1980,0
"NE",1981,0
"NE",1982,0
"NE",1983,1
"NE",1984,1
"NE",1985,1
"NE",1986,0
"NE",1987,0
"NE",1988,0
"NE",1989,0
"NE",1990,0
"NE",1991,0
"NE",1992,0
"NE",1993,0
"NE",1994,0
"NE",1995,0
"NE",1996,0
"NE",1997,0
"NE",1998,0
"NE",1999,0
"NE",2000,0
"NE",2001,0
"NE",2002,0
"NE",2003,0
"NE",2004,0
"NE",2005,0
"NE",2006,0
"NE",2007,0
"NE",2008,0
"NE",2009,0
"NE",2010,0
"NE",2011,0
"NG",1976,0
"NG",1977,0
"NG",1978,0
"NG",1979,0
"NG",1980,0
"NG",1981,0
"NG",1982,0
"NG",1983,0
"NG",1984,0
"NG",1985,0
"NG",1986,0
"NG",1987,0
"NG",1988,0
"NG",1989,0
"NG",1990,0
"NG",1991,1
"NG",1992,1
"NG",1993,1
"NG",1994,1
"NG",1995,1
"NG",1996,0
"NG",1997,0
"NG",1998,0
"NG",1999,0
"NG",2000,0
"NG",2001,0
"NG",2002,0
"NG",2003,0
"NG",2004,0
"NG",2005,0
"NG",2006,0
"NG",2007,0
"NG",2008,0
"NG",2009,1
"NG",2010,1
"NG",2011,1
"NI",1976,0
"NI",1977,0
"NI",1978,0
"NI",1979,0
"NI",1980,0
"NI",1981,0
"NI",1982,0
"NI",1983,0
"NI",1984,0
"NI",1985,0
"NI",1986,0
"NI",1987,0
"NI",1988,0
"NI",1989,0
"NI",1990,1
"NI",1991,1
"NI",1992,1
"NI",1993,1
"NI",1994,0
"NI",1995,0
"NI",1996,0
"NI",1997,0
"NI",1998,0
"NI",1999,0
"NI",2000,1
"NI",2001,1
"NI",2002,0
"NI",2003,0
"NI",2004,0
"NI",2005,0
"NI",2006,0
"NI",2007,0
"NI",2008,0
"NI",2009,0
"NI",2010,0
"NI",2011,0
"NL",1976,0
"NL",1977,0
"NL",1978,0
"NL",1979,0
"NL",1980,0
"NL",1981,0
"NL",1982,0
"NL",1983,0
"NL",1984,0
"NL",1985,0
"NL",1986,0
"NL",1987,0
"NL",1988,0
"NL",1989,0
"NL",1990,0
"NL",1991,0
"NL",1992,0
"NL",1993,0
"NL",1994,0
"NL",1995,0
"NL",1996,0
"NL",1997,0
"NL",1998,0
"NL",1999,0
"NL",2000,0
"NL",2001,0
"NL",2002,0
"NL",2003,0
"NL",2004,0
"NL",2005,0
"NL",2006,0
"NL",2007,0
"NL",2008,1
"NL",2009,1
"NL",2010,1
"NL",2011,1
"NO",1976,0
"NO",1977,0
"NO",1978,0
"NO",1979,0
"NO",1980,0
"NO",1981,0
"NO",1982,0
"NO",1983,0
"NO",1984,0
"NO",1985,0
"NO",1986,0
"NO",1987,0
"NO",1988,0
"NO",1989,0
"NO",1990,0
"NO",1991,1
"NO",1992,1
"NO",1993,1
"NO",1994,0
"NO",1995,0
"NO",1996,0
"NO",1997,0
"NO",1998,0
"NO",1999,0
"NO",2000,0
"NO",2001,0
"NO",2002,0
"NO",2003,0
"NO",2004,0
"NO",2005,0
"NO",2006,0
"NO",2007,0
"NO",2008,0
"NO",2009,0
"NO",2010,0
"NO",2011,0
"NP",1976,0
"NP",1977,0
"NP",1978,0
"NP",1979,0
"NP",1980,0
"NP",1981,0
"NP",1982,0
"NP",1983,0
"NP",1984,0
"NP",1985,0
"NP",1986,0
"NP",1987,0
"NP",1988,1
"NP",1989,0
"NP",1990,0
"NP",1991,0
"NP",1992,0
"NP",1993,0
"NP",1994,0
"NP",1995,0
"NP",1996,0
"NP",1997,0
"NP",1998,0
"NP",1999,0
"NP",2000,0
"NP",2001,0
"NP",2002,0
"NP",2003,0
"NP",2004,0
"NP",2005,0
"NP",2006,0
"NP",2007,0
"NP",2008,0
"NP",2009,0
"NP",2010,0
"NP",2011,0
"PA",1976,0
"PA",1977,0
"PA",1978,0
"PA",1979,0
"PA",1980,0
"PA",1981,0
"PA",1982,0
"PA",1983,0
"PA",1984,0
"PA",1985,0
"PA",1986,0
"PA",1987,0
"PA",1988,1
"PA",1989,1
"PA",1990,0
"PA",1991,0
"PA",1992,0
"PA",1993,0
"PA",1994,0
"PA",1995,0
"PA",1996,0
"PA",1997,0
"PA",1998,0
"PA",1999,0
"PA",2000,0
"PA",2001,0
"PA",2002,0
"PA",2003,0
"PA",2004,0
"PA",2005,0
"PA",2006,0
"PA",2007,0
"PA",2008,0
"PA",2009,0
"PA",2010,0
"PA",2011,0
"PE",1976,0
"PE",1977,0
"PE",1978,0
"PE",1979,0
"PE",1980,0
"PE",1981,0
"PE",1982,0
"PE",1983,1
"PE",1984,0
"PE",1985,0
"PE",1986,0
"PE",1987,0
"PE",1988,0
"PE",1989,0
"PE",1990,0
"PE",1991,0
"PE",1992,0
"PE",1993,0
"PE",1994,0
"PE",1995,0
"PE",1996,0
"PE",1997,0
"PE",1998,0
"PE",1999,0
"PE",2000,0
"PE",2001,0
"PE",2002,0
"PE",2003,0
"PE",2004,0
"PE",2005,0
"PE",2006,0
"PE",2007,0
"PE",2008,0
"PE",2009,0
"PE",2010,0
"PE",2011,0
"PH",1976,0
"PH",1977,0
"PH",1978,0
"PH",1979,0
"PH",1980,0
"PH",1981,0
"PH",1982,0
"PH",1983,1
"PH",1984,1
"PH",1985,1
"PH",1986,1
"PH",1987,0
"PH",1988,0
"PH",1989,0
"PH",1990,0
"PH",1991,0
"PH",1992,0
"PH",1993,0
"PH",1994,0
"PH",1995,0
"PH",1996,0
"PH",1997,1
"PH",1998,1
"PH",1999,1
"PH",2000,1
"PH",2001,1
"PH",2002,0
"PH",2003,0
"PH",2004,0
"PH",2005,0
"PH",2006,0
"PH",2007,0
"PH",2008,0
"PH",2009,0
"PH",2010,0
"PH",2011,0
"PL",1976,0
"PL",1977,0
"PL",1978,0
"PL",1979,0
"PL",1980,0
"PL",1981,0
"PL",1982,0
"PL",1983,0
"PL",1984,0
"PL",1985,0
"PL",1986,0
"PL",1987,0
"PL",1988,0
"PL",1989,0
"PL",1990,0
"PL",1991,0
"PL",1992,1
"PL",1993,1
"PL",1994,1
"PL",1995,0
"PL",1996,0
"PL",1997,0
"PL",1998,0
"PL",1999,0
"PL",2000,0
"PL",2001,0
"PL",2002,0
"PL",2003,0
"PL",2004,0
"PL",2005,0
"PL",2006,0
"PL",2007,0
"PL",2008,0
"PL",2009,0
"PL",2010,0
"PL",2011,0
"PT",1976,0
"PT",1977,0
"PT",1978,0
"PT",1979,0
"PT",1980,0
"PT",1981,0
"PT",1982,0
"PT",1983,0
"PT",1984,0
"PT",1985,0
"PT",1986,0
"PT",1987,0
"PT",1988,0
"PT",1989,0
"PT",1990,0
"PT",1991,0
"PT",1992,0
"PT",1993,0
"PT",1994,0
"PT",1995,0
"PT",1996,0
"PT",1997,0
"PT",1998,0
"PT",1999,0
"PT",2000,0
"PT",2001,0
"PT",2002,0
"PT",2003,0
"PT",2004,0
"PT",2005,0
"PT",2006,0
"PT",2007,0
"PT",2008,1
"PT",2009,1
"PT",2010,1
"PT",2011,1
"PY",1976,0
"PY",1977,0
"PY",1978,0
"PY",1979,0
"PY",1980,0
"PY",1981,0
"PY",1982,0
"PY",1983,0
"PY",1984,0
"PY",1985,0
"PY",1986,0
"PY",1987,0
"PY",1988,0
"PY",1989,0
"PY",1990,0
"PY",1991,0
"PY",1992,0
"PY",1993,0
"PY",1994,0
"PY",1995,1
"PY",1996,0
"PY",1997,0
"PY",1998,0
"PY",1999,0
"PY",2000,0
"PY",2001,0
"PY",2002,0
"PY",2003,0
"PY",2004,0
"PY",2005,0
"PY",2006,0
"PY",2007,0
"PY",2008,0
"PY",2009,0
"PY",2010,0
"PY",2011,0
"RO",1976,0
"RO",1977,0
"RO",1978,0
"RO",1979,0
"RO",1980,0
"RO",1981,0
"RO",1982,0
"RO",1983,0
"RO",1984,0
"RO",1985,0
"RO",1986,0
"RO",1987,0
"RO",1988,0
"RO",1989,0
"RO",1990,1
"RO",1991,1
"RO",1992,1
"RO",1993,0
"RO",1994,0
"RO",1995,0
"RO",1996,0
"RO",1997,0
"RO",1998,0
"RO",1999,0
"RO",2000,0
"RO",2001,0
"RO",2002,0
"RO",2003,0
"RO",2004,0
"RO",2005,0
"RO",2006,0
"RO",2007,0
"RO",2008,0
"RO",2009,0
"RO",2010,0
"RO",2011,0
"RU",1976,0
"RU",1977,0
"RU",1978,0
"RU",1979,0
"RU",1980,0
"RU",1981,0
"RU",1982,0
"RU",1983,0
"RU",1984,0
"RU",1985,0
"RU",1986,0
"RU",1987,0
"RU",1988,0
"RU",1989,0
"RU",1990,0
"RU",1991,0
"RU",1992,0
"RU",1993,0
"RU",1994,0
"RU",1995,0
"RU",1996,0
"RU",1997,0
"RU",1998,1
"RU",1999,0
"RU",2000,0
"RU",2001,0
"RU",2002,0
"RU",2003,0
"RU",2004,0
"RU",2005,0
"RU",2006,0
"RU",2007,0
"RU",2008,1
"RU",2009,1
"RU",2010,1
"RU",2011,1
"SE",1976,0
"SE",1977,0
"SE",1978,0
"SE",1979,0
"SE",1980,0
"SE",1981,0
"SE",1982,0
"SE",1983,0
"SE",1984,0
"SE",1985,0
"SE",1986,0
"SE",1987,0
"SE",1988,0
"SE",1989,0
"SE",1990,0
"SE",1991,1
"SE",1992,1
"SE",1993,1
"SE",1994,1
"SE",1995,1
"SE",1996,0
"SE",1997,0
"SE",1998,0
"SE",1999,0
"SE",2000,0
"SE",2001,0
"SE",2002,0
"SE",2003,0
"SE",2004,0
"SE",2005,0
"SE",2006,0
"SE",2007,0
"SE",2008,1
"SE",2009,1
"SE",2010,1
"SE",2011,1
"SI",1976,0
"SI",1977,0
"SI",1978,0
"SI",1979,0
"SI",1980,0
"SI",1981,0
"SI",1982,0
"SI",1983,0
"SI",1984,0
"SI",1985,0
"SI",1986,0
"SI",1987,0
"SI",1988,0
"SI",1989,0
"SI",1990,0
"SI",1991,0
"SI",1992,1
"SI",1993,0
"SI",1994,0
"SI",1995,0
"SI",1996,0
"SI",1997,0
"SI",1998,0
"SI",1999,0
"SI",2000,0
"SI",2001,0
"SI",2002,0
"SI",2003,0
"SI",2004,0
"SI",2005,0
"SI",2006,0
"SI",2007,0
"SI",2008,1
"SI",2009,1
"SI",2010,1
"SI",2011,1
"SK",1976,0
"SK",1977,0
"SK",1978,0
"SK",1979,0
"SK",1980,0
"SK",1981,0
"SK",1982,0
"SK",1983,0
"SK",1984,0
"SK",1985,0
"SK",1986,0
"SK",1987,0
"SK",1988,0
"SK",1989,0
"SK",1990,0
"SK",1991,0
"SK",1992,0
"SK",1993,0
"SK",1994,0
"SK",1995,0
"SK",1996,0
"SK",1997,0
"SK",1998,1
"SK",1999,1
"SK",2000,1
"SK",2001,1
"SK",2002,1
"SK",2003,0
"SK",2004,0
"SK",2005,0
"SK",2006,0
"SK",2007,0
"SK",2008,0
"SK",2009,0
"SK",2010,0
"SK",2011,0
"SL",1976,0
"SL",1977,0
"SL",1978,0
"SL",1979,0
"SL",1980,0
"SL",1981,0
"SL",1982,0
"SL",1983,0
"SL",1984,0
"SL",1985,0
"SL",1986,0
"SL",1987,0
"SL",1988,0
"SL",1989,0
"SL",1990,1
"SL",1991,1
"SL",1992,1
"SL",1993,1
"SL",1994,1
"SL",1995,0
"SL",1996,0
"SL",1997,0
"SL",1998,0
"SL",1999,0
"SL",2000,0
"SL",2001,0
"SL",2002,0
"SL",2003,0
"SL",2004,0
"SL",2005,0
"SL",2006,0
"SL",2007,0
"SL",2008,0
"SL",2009,0
"SL",2010,0
"SL",2011,0
"SN",1976,0
"SN",1977,0
"SN",1978,0
"SN",1979,0
"SN",1980,0
"SN",1981,0
"SN",1982,0
"SN",1983,0
"SN",1984,0
"SN",1985,0
"SN",1986,0
"SN",1987,0
"SN",1988,1
"SN",1989,1
"SN",1990,1
"SN",1991,1
"SN",1992,0
"SN",1993,0
"SN",1994,0
"SN",1995,0
"SN",1996,0
"SN",1997,0
"SN",1998,0
"SN",1999,0
"SN",2000,0
"SN",2001,0
"SN",2002,0
"SN",2003,0
"SN",2004,0
"SN",2005,0
"SN",2006,0
"SN",2007,0
"SN",2008,0
"SN",2009,0
"SN",2010,0
"SN",2011,0
"ST",1976,0
"ST",1977,0
"ST",1978,0
"ST",1979,0
"ST",1980,0
"ST",1981,0
"ST",1982,0
"ST",1983,0
"ST",1984,0
"ST",1985,0
"ST",1986,0
"ST",1987,0
"ST",1988,0
"ST",1989,0
"ST",1990,0
"ST",1991,0
"ST",1992,1
"ST",1993,0
"ST",1994,0
"ST",1995,0
"ST",1996,0
"ST",1997,0
"ST",1998,0
"ST",1999,0
"ST",2000,0
"ST",2001,0
"ST",2002,0
"ST",2003,0
"ST",2004,0
"ST",2005,0
"ST",2006,0
"ST",2007,0
"ST",2008,0
"ST",2009,0
"ST",2010,0
"ST",2011,0
"SV",1976,0
"SV",1977,0
"SV",1978,0
"SV",1979,0
"SV",1980,0
"SV",1981,0
"SV",1982,0
"SV",1983,0
"SV",1984,0
"SV",1985,0
"SV",1986,0
"SV",1987,0
"SV",1988,0
"SV",1989,1
"SV",1990,1
"SV",1991,0
"SV",1992,0
"SV",1993,0
"SV",1994,0
"SV",1995,0
"SV",1996,0
"SV",1997,0
"SV",1998,0
"SV",1999,0
"SV",2000,0
"SV",2001,0
"SV",2002,0
"SV",2003,0
"SV",2004,0
"SV",2005,0
"SV",2006,0
"SV",2007,0
"SV",2008,0
"SV",2009,0
"SV",2010,0
"SV",2011,0
"SZ",1976,0
"SZ",1977,0
"SZ",1978,0
"SZ",1979,0
"SZ",1980,0
"SZ",1981,0
"SZ",1982,0
"SZ",1983,0
"SZ",1984,0
"SZ",1985,0
"SZ",1986,0
"SZ",1987,0
"SZ",1988,0
"SZ",1989,0
"SZ",1990,0
"SZ",1991,0
"SZ",1992,0
"SZ",1993,0
"SZ",1994,0
"SZ",1995,1
"SZ",1996,1
"SZ",1997,1
"SZ",1998,1
"SZ",1999,1
"SZ",2000,0
"SZ",2001,0
"SZ",2002,0
"SZ",2003,0
"SZ",2004,0
"SZ",2005,0
"SZ",2006,0
"SZ",2007,0
"SZ",2008,0
"SZ",2009,0
"SZ",2010,0
"SZ",2011,0
"TD",1976,0
"TD",1977,0
"TD",1978,0
"TD",1979,0
"TD",1980,0
"TD",1981,0
"TD",1982,0
"TD",1983,1
"TD",1984,0
"TD",1985,0
"TD",1986,0
"TD",1987,0
"TD",1988,0
"TD",1989,0
"TD",1990,0
"TD",1991,0
"TD",1992,1
"TD",1993,1
"TD",1994,1
"TD",1995,1
"TD",1996,1
"TD",1997,0
"TD",1998,0
"TD",1999,0
"TD",2000,0
"TD",2001,0
"TD",2002,0
"TD",2003,0
"TD",2004,0
"TD",2005,0
"TD",2006,0
"TD",2007,0
"TD",2008,0
"TD",2009,0
"TD",2010,0
"TD",2011,0
"TG",1976,0
"TG",1977,0
"TG",1978,0
"TG",1979,0
"TG",1980,0
"TG",1981,0
"TG",1982,0
"TG",1983,0
"TG",1984,0
"TG",1985,0
"TG",1986,0
"TG",1987,0
"TG",1988,0
"TG",1989,0
"TG",1990,0
"TG",1991,0
"TG",1992,0
"TG",1993,1
"TG",1994,1
"TG",1995,0
"TG",1996,0
"TG",1997,0
"TG",1998,0
"TG",1999,0
"TG",2000,0
"TG",2001,0
"TG",2002,0
"TG",2003,0
"TG",2004,0
"TG",2005,0
"TG",2006,0
"TG",2007,0
"TG",2008,0
"TG",2009,0
"TG",2010,0
"TG",2011,0
"TH",1976,0
"TH",1977,0
"TH",1978,0
"TH",1979,0
"TH",1980,0
"TH",1981,0
"TH",1982,0
"TH",1983,1
"TH",1984,0
"TH",1985,0
"TH",1986,0
"TH",1987,0
"TH",1988,0
"TH",1989,0
"TH",1990,0
"TH",1991,0
"TH",1992,0
"TH",1993,0
"TH",1994,0
"TH",1995,0
"TH",1996,0
"TH",1997,1
"TH",1998,1
"TH",1999,1
"TH",2000,1
"TH",2001,0
"TH",2002,0
"TH",2003,0
"TH",2004,0
"TH",2005,0
"TH",2006,0
"TH",2007,0
"TH",2008,0
"TH",2009,0
"TH",2010,0
"TH",2011,0
"TN",1976,0
"TN",1977,0
"TN",1978,0
"TN",1979,0
"TN",1980,0
"TN",1981,0
"TN",1982,0
"TN",1983,0
"TN",1984,0
"TN",1985,0
"TN",1986,0
"TN",1987,0
"TN",1988,0
"TN",1989,0
"TN",1990,0
"TN",1991,1
"TN",1992,0
"TN",1993,0
"TN",1994,0
"TN",1995,0
"TN",1996,0
"TN",1997,0
"TN",1998,0
"TN",1999,0
"TN",2000,0
"TN",2001,0
"TN",2002,0
"TN",2003,0
"TN",2004,0
"TN",2005,0
"TN",2006,0
"TN",2007,0
"TN",2008,0
"TN",2009,0
"TN",2010,0
"TN",2011,0
"TR",1976,0
"TR",1977,0
"TR",1978,0
"TR",1979,0
"TR",1980,0
"TR",1981,0
"TR",1982,1
"TR",1983,1
"TR",1984,1
"TR",1985,0
"TR",1986,0
"TR",1987,0
"TR",1988,0
"TR",1989,0
"TR",1990,0
"TR",1991,0
"TR",1992,0
"TR",1993,0
"TR",1994,0
"TR",1995,0
"TR",1996,0
"TR",1997,0
"TR",1998,0
"TR",1999,0
"TR",2000,1
"TR",2001,1
"TR",2002,0
"TR",2003,0
"TR",2004,0
"TR",2005,0
"TR",2006,0
"TR",2007,0
"TR",2008,0
"TR",2009,0
"TR",2010,0
"TR",2011,0
"TZ",1976,0
"TZ",1977,0
"TZ",1978,0
"TZ",1979,0
"TZ",1980,0
"TZ",1981,0
"TZ",1982,0
"TZ",1983,0
"TZ",1984,0
"TZ",1985,0
"TZ",1986,0
"TZ",1987,1
"TZ",1988,1
"TZ",1989,0
"TZ",1990,0
"TZ",1991,0
"TZ",1992,0
"TZ",1993,0
"TZ",1994,0
"TZ",1995,0
"TZ",1996,0
"TZ",1997,0
"TZ",1998,0
"TZ",1999,0
"TZ",2000,0
"TZ",2001,0
"TZ",2002,0
"TZ",2003,0
"TZ",2004,0
"TZ",2005,0
"TZ",2006,0
"TZ",2007,0
"TZ",2008,0
"TZ",2009,0
"TZ",2010,0
"TZ",2011,0
"UA",1976,0
"UA",1977,0
"UA",1978,0
"UA",1979,0
"UA",1980,0
"UA",1981,0
"UA",1982,0
"UA",1983,0
"UA",1984,0
"UA",1985,0
"UA",1986,0
"UA",1987,0
"UA",1988,0
"UA",1989,0
"UA",1990,0
"UA",1991,0
"UA",1992,0
"UA",1993,0
"UA",1994,0
"UA",1995,0
"UA",1996,0
"UA",1997,0
"UA",1998,1
"UA",1999,1
"UA",2000,0
"UA",2001,0
"UA",2002,0
"UA",2003,0
"UA",2004,0
"UA",2005,0
"UA",2006,0
"UA",2007,0
"UA",2008,1
"UA",2009,1
"UA",2010,1
"UA",2011,1
"UG",1976,0
"UG",1977,0
"UG",1978,0
"UG",1979,0
"UG",1980,0
"UG",1981,0
"UG",1982,0
"UG",1983,0
"UG",1984,0
"UG",1985,0
"UG",1986,0
"UG",1987,0
"UG",1988,0
"UG",1989,0
"UG",1990,0
"UG",1991,0
"UG",1992,0
"UG",1993,0
"UG",1994,1
"UG",1995,0
"UG",1996,0
"UG",1997,0
"UG",1998,0
"UG",1999,0
"UG",2000,0
"UG",2001,0
"UG",2002,0
"UG",2003,0
"UG",2004,0
"UG",2005,0
"UG",2006,0
"UG",2007,0
"UG",2008,0
"UG",2009,0
"UG",2010,0
"UG",2011,0
"US",1976,0
"US",1977,0
"US",1978,0
"US",1979,0
"US",1980,0
"US",1981,0
"US",1982,0
"US",1983,0
"US",1984,0
"US",1985,0
"US",1986,0
"US",1987,0
"US",1988,1
"US",1989,0
"US",1990,0
"US",1991,0
"US",1992,0
"US",1993,0
"US",1994,0
"US",1995,0
"US",1996,0
"US",1997,0
"US",1998,0
"US",1999,0
"US",2000,0
"US",2001,0
"US",2002,0
"US",2003,0
"US",2004,0
"US",2005,0
"US",2006,0
"US",2007,1
"US",2008,1
"US",2009,1
"US",2010,1
"US",2011,1
"UY",1976,0
"UY",1977,0
"UY",1978,0
"UY",1979,0
"UY",1980,0
"UY",1981,1
"UY",1982,1
"UY",1983,1
"UY",1984,1
"UY",1985,1
"UY",1986,0
"UY",1987,0
"UY",1988,0
"UY",1989,0
"UY",1990,0
"UY",1991,0
"UY",1992,0
"UY",1993,0
"UY",1994,0
"UY",1995,0
"UY",1996,0
"UY",1997,0
"UY",1998,0
"UY",1999,0
"UY",2000,0
"UY",2001,0
"UY",2002,1
"UY",2003,1
"UY",2004,1
"UY",2005,1
"UY",2006,0
"UY",2007,0
"UY",2008,0
"UY",2009,0
"UY",2010,0
"UY",2011,0
"VE",1976,0
"VE",1977,0
"VE",1978,0
"VE",1979,0
"VE",1980,0
"VE",1981,0
"VE",1982,0
"VE",1983,0
"VE",1984,0
"VE",1985,0
"VE",1986,0
"VE",1987,0
"VE",1988,0
"VE",1989,0
"VE",1990,0
"VE",1991,0
"VE",1992,0
"VE",1993,0
"VE",1994,1
"VE",1995,1
"VE",1996,1
"VE",1997,1
"VE",1998,1
"VE",1999,0
"VE",2000,0
"VE",2001,0
"VE",2002,0
"VE",2003,0
"VE",2004,0
"VE",2005,0
"VE",2006,0
"VE",2007,0
"VE",2008,0
"VE",2009,0
"VE",2010,0
"VE",2011,0
"VN",1976,0
"VN",1977,0
"VN",1978,0
"VN",1979,0
"VN",1980,0
"VN",1981,0
"VN",1982,0
"VN",1983,0
"VN",1984,0
"VN",1985,0
"VN",1986,0
"VN",1987,0
"VN",1988,0
"VN",1989,0
"VN",1990,0
"VN",1991,0
"VN",1992,0
"VN",1993,0
"VN",1994,0
"VN",1995,0
"VN",1996,0
"VN",1997,1
"VN",1998,0
"VN",1999,0
"VN",2000,0
"VN",2001,0
"VN",2002,0
"VN",2003,0
"VN",2004,0
"VN",2005,0
"VN",2006,0
"VN",2007,0
"VN",2008,0
"VN",2009,0
"VN",2010,0
"VN",2011,0
"YE",1976,0
"YE",1977,0
"YE",1978,0
"YE",1979,0
"YE",1980,0
"YE",1981,0
"YE",1982,0
"YE",1983,0
"YE",1984,0
"YE",1985,0
"YE",1986,0
"YE",1987,0
"YE",1988,0
"YE",1989,0
"YE",1990,0
"YE",1991,0
"YE",1992,0
"YE",1993,0
"YE",1994,0
"YE",1995,0
"YE",1996,1
"YE",1997,0
"YE",1998,0
"YE",1999,0
"YE",2000,0
"YE",2001,0
"YE",2002,0
"YE",2003,0
"YE",2004,0
"YE",2005,0
"YE",2006,0
"YE",2007,0
"YE",2008,0
"YE",2009,0
"YE",2010,0
"YE",2011,0
"ZM",1976,0
"ZM",1977,0
"ZM",1978,0
"ZM",1979,0
"ZM",1980,0
"ZM",1981,0
"ZM",1982,0
"ZM",1983,0
"ZM",1984,0
"ZM",1985,0
"ZM",1986,0
"ZM",1987,0
"ZM",1988,0
"ZM",1989,0
"ZM",1990,0
"ZM",1991,0
"ZM",1992,0
"ZM",1993,0
"ZM",1994,0
"ZM",1995,1
"ZM",1996,1
"ZM",1997,1
"ZM",1998,1
"ZM",1999,0
"ZM",2000,0
"ZM",2001,0
"ZM",2002,0
"ZM",2003,0
"ZM",2004,0
"ZM",2005,0
"ZM",2006,0
"ZM",2007,0
"ZM",2008,0
"ZM",2009,0
"ZM",2010,0
"ZM",2011,0
"ZW",1976,0
"ZW",1977,0
"ZW",1978,0
"ZW",1979,0
"ZW",1980,0
"ZW",1981,0
"ZW",1982,0
"ZW",1983,0
"ZW",1984,0
"ZW",1985,0
"ZW",1986,0
"ZW",1987,0
"ZW",1988,0
"ZW",1989,0
"ZW",1990,0
"ZW",1991,0
"ZW",1992,0
"ZW",1993,0
"ZW",1994,0
"ZW",1995,1
"ZW",1996,1
"ZW",1997,1
"ZW",1998,1
"ZW",1999,1
"ZW",2000,0
"ZW",2001,0
"ZW",2002,0
"ZW",2003,0
"ZW",2004,0
"ZW",2005,0
"ZW",2006,0
"ZW",2007,0
"ZW",2008,0
"ZW",2009,0
"ZW",2010,0
"ZW",2011,0
